_id,name,condi,url,user,cid,shipped,admin,store,cardLanguage,tradein,productid,categoryId,printingId,groupId,tradeinName,setInfo[0].groupId,setInfo[0].code,setInfo[0].name,setInfo[0].publishedOn,setInfo[0].modifiedOn,setInfo[0].categoryId,setInfo[0].findInDb,tcgStatusFlag,ccStatusFlag,userStore,edited,ogUser,canUseInTrainingCards,autoListed,exemptList,dateCreated,priceUpdatedAt,__v,quan,pullsheet,updatedBy
67df59ec512b580782e2459e,Charmander - 004/165 (Cosmos Holo),Lightly Played,https://images.accessgrantedonline.com/CAScanner1_1254325.jpg,Andrew McWherter,MTGS-01742690795103AndrewMcWherter,false,false,769fe7fd,English,false,586830,3,11,22872,,22872,SVP,SV: Scarlet & Violet Promo Cards,2023-03-31T00:00:00,2024-11-05T19:24:45.36,3,DB,pending,pending,Card Addicts1643234130173,false,Andrew McWherter,true,false,false,2025-03-23T00:46:36.420Z,2025-03-23T00:46:36.420Z,0,7932,,
67df5a64795f3c66e347e703,Cinderace ex - 163,Lightly Played,https://images.accessgrantedonline.com/CAScanner1_1254333.jpg,Andrew McWherter,MTGS-01742690915568AndrewMcWherter,false,false,769fe7fd,English,false,596420,3,11,22872,,22872,SVP,SV: Scarlet & Violet Promo Cards,2023-03-31T00:00:00,2024-11-05T19:24:45.36,3,DB,pending,pending,Card Addicts1643234130173,false,Andrew McWherter,true,false,false,2025-03-23T00:48:36.842Z,2025-03-23T00:48:36.842Z,0,7932,,
67e196e90c97177715c9b0ab,Noctowl - 127 (Cosmos Holo),Lightly Played,https://images.accessgrantedonline.com/CAScanner1_1255150.jpg,Andrew McWherter,MTGS-01742837479527AndrewMcWherter,false,false,769fe7fd,English,false,595476,3,11,22872,,22872,SVP,SV: Scarlet & Violet Promo Cards,2023-03-31T00:00:00,2024-11-05T19:24:45.36,3,DB,pending,pending,Card Addicts1643234130173,false,Andrew McWherter,true,false,false,2025-03-24T17:31:21.480Z,2025-03-24T17:31:21.480Z,0,7932,,
67eb2cc1be36eee51239411e,Charizard ex - 161,Near Mint,https://images.accessgrantedonline.com/CardId_LazarusGames_Pokemon_24581.jpg,Anna Morales,MTGS-01743465664517AnnaMorales,false,false,c86f685b,English,true,586831,3,11,22872,Scott Blackledge 7-17629,22872,SVP,SV: Scarlet & Violet Promo Cards,2023-03-31T00:00:00,2024-11-05T19:24:45.36,3,DB,success,pending,Lazarus Games1713276029800,false,Anna Morales,true,false,false,2025-04-01T00:01:05.398Z,2025-04-01T00:01:05.398Z,0,2529,,
67eb2e5bd4fed5baa776d685,Teal Mask Ogerpon ex - 166,Near Mint,https://images.accessgrantedonline.com/CardId_LazarusGames_Pokemon_24603.jpg,Anna Morales,MTGS-01743466075087AnnaMorales,false,false,c86f685b,English,true,596439,3,11,22872,Scott Blackledge 7-17629,22872,SVP,SV: Scarlet & Violet Promo Cards,2023-03-31T00:00:00,2025-02-24T21:45:19.143,3,DB,success,pending,Lazarus Games1713276029800,false,Anna Morales,true,false,false,2025-04-01T00:07:55.994Z,2025-04-01T00:07:55.994Z,0,2529,,
67eb2f1b3c51bf6f97735b79,Ogre's Mask - 159/167 (Cosmos Holo),Near Mint,https://images.accessgrantedonline.com/CardId_LazarusGames_Pokemon_24606.jpg,Anna Morales,MTGS-01743466266176AnnaMorales,false,false,c86f685b,English,true,599651,3,11,2374,Scott Blackledge 7-17629,2374,MCAP,Miscellaneous Cards & Products,2018-11-01T00:00:00,2025-02-24T19:30:29.49,3,DB,success,pending,Lazarus Games1713276029800,false,Anna Morales,true,false,false,2025-04-01T00:11:07.135Z,2025-04-01T00:11:07.135Z,0,2529,,
67eb2f645790cee26cb50b53,Magneton - 159,Lightly Played,https://images.accessgrantedonline.com/CardId_LazarusGames_Pokemon_24609.jpg,Anna Morales,MTGS-01743466339790AnnaMorales,false,false,c86f685b,English,true,594386,3,11,22872,Scott Blackledge 7-17629,22872,SVP,SV: Scarlet & Violet Promo Cards,2023-03-31T00:00:00,2024-11-05T19:24:45.36,3,DB,success,pending,Lazarus Games1713276029800,false,Anna Morales,true,false,false,2025-04-01T00:12:20.724Z,2025-04-01T00:12:20.724Z,0,2529,,
67ec8808de037c24f5f71f1c,Reshiram ex,Near Mint,https://images.accessgrantedonline.com/pokeman_0080.jpg,manualTrade,MTGS-86076241743554565692manualTrade,false,false,Oddwillow's Game Haven1709168293046,English,false,623457,3,,,,24073,,SV: Journey Together,2025-03-28T00:00:00,2025-02-03T15:46:43.81,3,DB,pending,pending,,false,manualTrade,true,false,false,2025-04-02T00:42:48.050Z,2025-04-02T00:42:48.050Z,0,25,false,
67ec8808b97794a2f5d51eb5,Lillie's Clefairy ex - 173/159,Near Mint Holofoil,https://images.accessgrantedonline.com/pokeman_0081.jpg,manualTrade,MTGS-86089191743554566400manualTrade,false,false,Oddwillow's Game Haven1709168293046,English,false,623600,3,,,,24073,,SV: Journey Together,2025-03-28T00:00:00,2025-02-03T15:46:43.81,3,DB,pending,pending,,false,manualTrade,true,false,false,2025-04-02T00:42:48.722Z,2025-04-02T00:42:48.722Z,0,25,false,
67ec88093ac402621f21c469,Furret - 168/159,Near Mint Holofoil,https://images.accessgrantedonline.com/pokeman_0082.jpg,manualTrade,MTGS-86088941743554567108manualTrade,false,false,Oddwillow's Game Haven1709168293046,English,false,623595,3,,,,24073,,SV: Journey Together,2025-03-28T00:00:00,2025-02-03T15:46:43.81,3,DB,pending,pending,,false,manualTrade,true,false,false,2025-04-02T00:42:49.411Z,2025-04-02T00:42:49.412Z,0,25,false,
67ec880ab97794a2f5d51ec8,Iono's Bellibolt ex - 053/159,Near Mint Holofoil,https://images.accessgrantedonline.com/pokeman_0083.jpg,manualTrade,MTGS-86078341743554567768manualTrade,false,false,Oddwillow's Game Haven1709168293046,English,false,623480,3,,,,24073,,SV: Journey Together,2025-03-28T00:00:00,2025-02-03T15:46:43.81,3,DB,pending,pending,,false,manualTrade,true,false,false,2025-04-02T00:42:50.076Z,2025-04-02T00:42:50.076Z,0,25,false,
67ec880a2b48cbbc2c87a9d4,Brock's Scouting - 179/159,Near Mint Holofoil,https://images.accessgrantedonline.com/pokeman_0084.jpg,manualTrade,MTGS-86089491743554568418manualTrade,false,false,Oddwillow's Game Haven1709168293046,English,false,623606,3,,,,24073,,SV: Journey Together,2025-03-28T00:00:00,2025-02-03T15:46:43.81,3,DB,pending,pending,,false,manualTrade,true,false,false,2025-04-02T00:42:50.733Z,2025-04-02T00:42:50.733Z,0,25,false,
67ec880bde037c24f5f71f28,Salamence ex - 114/159,Near Mint,https://images.accessgrantedonline.com/pokeman_0085.jpg,manualTrade,MTGS-86084041743554569226manualTrade,false,false,Oddwillow's Game Haven1709168293046,English,false,623541,3,,,,24073,,SV: Journey Together,2025-03-28T00:00:00,2025-02-03T15:46:43.81,3,DB,pending,pending,,false,manualTrade,true,false,false,2025-04-02T00:42:51.546Z,2025-04-02T00:42:51.546Z,0,25,false,
67ec880c8d7f25bfd31efe03,Maractus - 160/159,Near Mint Holofoil,https://images.accessgrantedonline.com/pokeman_0086.jpg,manualTrade,MTGS-86088541743554569925manualTrade,false,false,Oddwillow's Game Haven1709168293046,English,false,623587,3,,,,24073,,SV: Journey Together,2025-03-28T00:00:00,2025-02-03T15:46:43.81,3,DB,pending,pending,,false,manualTrade,true,false,false,2025-04-02T00:42:52.210Z,2025-04-02T00:42:52.210Z,0,25,false,
67ec880c2b48cbbc2c87a9fe,Hop's Zacian ex - 111/159,Near Mint Holofoil,https://images.accessgrantedonline.com/pokeman_0087.jpg,manualTrade,MTGS-86083791743554570556manualTrade,false,false,Oddwillow's Game Haven1709168293046,English,false,623538,3,,,,24073,,SV: Journey Together,2025-03-28T00:00:00,2025-02-03T15:46:43.81,3,DB,pending,pending,,false,manualTrade,true,false,false,2025-04-02T00:42:52.906Z,2025-04-02T00:42:52.906Z,0,25,false,
67ec880d2b48cbbc2c87aa0a,Lillie's Ribombee - 164/159,Near Mint Holofoil,https://images.accessgrantedonline.com/pokeman_0088.jpg,manualTrade,MTGS-86088741743554571244manualTrade,false,false,Oddwillow's Game Haven1709168293046,English,false,623591,3,,,,24073,,SV: Journey Together,2025-03-28T00:00:00,2025-02-03T15:46:43.81,3,DB,pending,pending,,false,manualTrade,true,false,false,2025-04-02T00:42:53.562Z,2025-04-02T00:42:53.562Z,0,25,false,
67ec880e643266315f133983,Tapu Koko ex,Near Mint,https://images.accessgrantedonline.com/pokeman_0089.jpg,manualTrade,MTGS-86078191743554571924manualTrade,false,false,Oddwillow's Game Haven1709168293046,English,false,623478,3,,,,24073,,SV: Journey Together,2025-03-28T00:00:00,2025-02-03T15:46:43.81,3,DB,pending,pending,,false,manualTrade,true,false,false,2025-04-02T00:42:54.291Z,2025-04-02T00:42:54.291Z,0,25,false,
67ec880ee5963dd7fc5388b5,Lillie's Clefairy ex - 056/159,Near Mint Holofoil,https://images.accessgrantedonline.com/pokeman_0090.jpg,manualTrade,MTGS-86078591743554572644manualTrade,false,false,Oddwillow's Game Haven1709168293046,English,false,623483,3,,,,24073,,SV: Journey Together,2025-03-28T00:00:00,2025-02-03T15:46:43.81,3,DB,pending,pending,,false,manualTrade,true,false,false,2025-04-02T00:42:54.980Z,2025-04-02T00:42:54.980Z,0,25,false,
67ec880fa35b5241a80a8f78,N's Zoroark ex - 098/159,Near Mint Holofoil,https://images.accessgrantedonline.com/pokeman_0091.jpg,manualTrade,MTGS-86082541743554573353manualTrade,false,false,Oddwillow's Game Haven1709168293046,English,false,623525,3,,,,24073,,SV: Journey Together,2025-03-28T00:00:00,2025-02-03T15:46:43.81,3,DB,pending,pending,,false,manualTrade,true,false,false,2025-04-02T00:42:55.733Z,2025-04-02T00:42:55.733Z,0,25,false,
67ec8810643266315f133997,N's Reshiram - 167/159 (Journey Together Stamped),Near Mint Holofoil,https://images.accessgrantedonline.com/pokeman_0092.jpg,manualTrade,MTGS-86088891743554574082manualTrade,false,false,Oddwillow's Game Haven1709168293046,English,false,623594,3,,,,24073,,SV: Journey Together,2025-03-28T00:00:00,2025-02-03T15:46:43.81,3,DB,pending,pending,,false,manualTrade,true,false,false,2025-04-02T00:42:56.349Z,2025-04-02T00:42:56.349Z,0,25,false,
67ec88108d7f25bfd31efe39,Hop's Zacian ex - 111/159,Near Mint Holofoil,https://images.accessgrantedonline.com/pokeman_0093.jpg,manualTrade,MTGS-86083791743554574671manualTrade,false,false,Oddwillow's Game Haven1709168293046,English,false,623538,3,,,,24073,,SV: Journey Together,2025-03-28T00:00:00,2025-02-03T15:46:43.81,3,DB,pending,pending,,false,manualTrade,true,false,false,2025-04-02T00:42:56.933Z,2025-04-02T00:42:56.933Z,0,25,false,
67ec88118d7f25bfd31efe48,Amoonguss ex,Near Mint Holofoil,https://images.accessgrantedonline.com/pokeman_0094.jpg,manualTrade,MTGS-86074441743554575256manualTrade,false,false,Oddwillow's Game Haven1709168293046,English,false,623438,3,,,,24073,,SV: Journey Together,2025-03-28T00:00:00,2025-02-03T15:46:43.81,3,DB,pending,pending,,false,manualTrade,true,false,false,2025-04-02T00:42:57.513Z,2025-04-02T00:42:57.513Z,0,25,false,
67ec88120236b35478c4ebb6,Ruffian - 181/159,Near Mint,https://images.accessgrantedonline.com/pokeman_0095.jpg,manualTrade,MTGS-86089591743554575838manualTrade,false,false,Oddwillow's Game Haven1709168293046,English,false,623608,3,,,,24073,,SV: Journey Together,2025-03-28T00:00:00,2025-02-03T15:46:43.81,3,DB,pending,pending,,false,manualTrade,true,false,false,2025-04-02T00:42:58.146Z,2025-04-02T00:42:58.146Z,0,25,false,during manual trde
67ec8812fc1e25d92f594a63,Reshiram ex,Near Mint,https://images.accessgrantedonline.com/pokeman_0096.jpg,manualTrade,MTGS-86076241743554576479manualTrade,false,false,Oddwillow's Game Haven1709168293046,English,false,623457,3,,,,24073,,SV: Journey Together,2025-03-28T00:00:00,2025-02-03T15:46:43.81,3,DB,pending,pending,,false,manualTrade,true,false,false,2025-04-02T00:42:58.743Z,2025-04-02T00:42:58.743Z,0,25,false,
67ec8813643266315f1339a3,Tapu Koko ex,Near Mint,https://images.accessgrantedonline.com/pokeman_0097.jpg,manualTrade,MTGS-86078191743554577068manualTrade,false,false,Oddwillow's Game Haven1709168293046,English,false,623478,3,,,,24073,,SV: Journey Together,2025-03-28T00:00:00,2025-02-03T15:46:43.81,3,DB,pending,pending,,false,manualTrade,true,false,false,2025-04-02T00:42:59.328Z,2025-04-02T00:42:59.328Z,0,25,false,
67ec88148d7f25bfd31efe59,Lillie's Clefairy ex - 056/159,Near Mint Holofoil,https://images.accessgrantedonline.com/pokeman_0099.jpg,manualTrade,MTGS-86078591743554578249manualTrade,false,false,Oddwillow's Game Haven1709168293046,English,false,623483,3,,,,24073,,SV: Journey Together,2025-03-28T00:00:00,2025-02-03T15:46:43.81,3,DB,pending,pending,,false,manualTrade,true,false,false,2025-04-02T00:43:00.501Z,2025-04-02T00:43:00.501Z,0,25,false,
